,avg_moves,num_pos_games,reward,x
0,19.37984496124031,0.0084,-229.7456,1.0
1,18.939393939393938,0.0,-231.692,2.0
2,19.23076923076923,0.0,-219.0384,3.0
3,18.939393939393938,0.0,-225.792,4.0
4,18.65671641791045,0.0076,-212.2156,5.0
5,18.65671641791045,0.0156,-216.3168,6.0
6,18.65671641791045,0.0196,-229.7464,7.0
7,18.115942028985508,0.01,-232.6868,8.0
8,17.985611510791365,0.008,-229.6816,9.0
9,18.38235294117647,0.0064,-221.1352,10.0
10,18.248175182481752,0.0,-222.8968,11.0
11,17.857142857142858,0.0,-220.7268,12.0
12,17.985611510791365,0.0144,-210.5116,13.0
13,17.482517482517483,0.0,-228.8164,14.0
14,17.482517482517483,0.0,-211.3384,15.0
15,17.73049645390071,0.0,-216.7872,16.0
16,17.482517482517483,0.0076,-214.7788,17.0
17,17.73049645390071,0.0,-206.3308,18.0
18,17.006802721088434,0.0,-207.5488,19.0
19,17.482517482517483,0.008,-206.8668,20.0
20,17.36111111111111,0.0,-205.1336,21.0
21,17.006802721088434,0.0,-209.3516,22.0
22,17.006802721088434,0.0,-203.6212,23.0
23,16.666666666666668,0.0,-203.0156,24.0
24,16.129032258064516,0.0,-194.4172,25.0
25,16.33986928104575,0.0,-198.7044,26.0
26,16.778523489932887,0.0068,-189.9072,27.0
27,17.006802721088434,0.0,-195.8696,28.0
28,16.778523489932887,0.0,-193.5588,29.0
29,17.006802721088434,0.0,-182.6788,30.0
30,16.556291390728475,0.0,-185.0852,31.0
31,16.025641025641026,0.0,-181.9136,32.0
32,16.44736842105263,0.0,-183.3668,33.0
33,16.44736842105263,0.0,-188.3176,34.0
34,16.44736842105263,0.0,-183.3176,35.0
35,16.666666666666668,0.0,-182.4976,36.0
36,16.233766233766232,0.0068,-182.5788,37.0
37,16.44736842105263,0.0,-175.7364,38.0
38,16.233766233766232,0.0068,-172.0916,39.0
39,15.822784810126583,0.0236,-165.4204,40.0
40,15.527950310559007,0.0,-168.1892,41.0
41,15.625,0.0072,-163.5916,42.0
42,15.432098765432098,0.0,-162.516,43.0
43,15.432098765432098,0.0084,-160.4784,44.0
44,14.880952380952381,0.0,-157.784,45.0
45,15.24390243902439,0.0,-158.1112,46.0
46,15.527950310559007,0.01,-162.2168,47.0
47,15.337423312883436,0.0,-153.8008,48.0
48,15.060240963855422,0.0,-154.3388,49.0
49,15.625,0.0,-154.9564,50.0
50,14.970059880239521,0.006,-150.3616,51.0
51,14.705882352941176,0.0064,-142.5212,52.0
52,14.534883720930232,0.0,-150.5072,53.0
53,14.534883720930232,0.0,-141.0752,54.0
54,14.124293785310735,0.0128,-135.2156,55.0
55,14.367816091954023,0.0056,-137.138,56.0
56,13.812154696132596,0.0192,-127.6764,57.0
57,13.440860215053764,0.0,-123.0084,58.0
58,13.513513513513514,0.0064,-130.2808,59.0
59,13.297872340425531,0.0,-124.5932,60.0
60,13.227513227513228,0.0,-123.4936,61.0
61,12.88659793814433,0.0124,-129.6516,62.0
62,12.953367875647668,0.0,-121.536,63.0
63,12.437810945273633,0.0056,-120.5564,64.0
64,12.56281407035176,0.0048,-119.408,65.0
65,12.376237623762377,0.0056,-110.706,66.0
66,11.904761904761905,0.0,-114.562,67.0
67,11.961722488038278,0.0192,-112.6712,68.0
68,11.79245283018868,0.0,-110.4572,69.0
69,11.627906976744185,0.0056,-104.4072,70.0
70,11.682242990654206,0.006,-104.8632,71.0
71,11.682242990654206,0.0,-95.4312,72.0
72,11.682242990654206,0.0064,-98.768,73.0
73,11.46788990825688,0.0,-99.2608,74.0
74,11.574074074074074,0.0,-92.4052,75.0
75,11.52073732718894,0.0052,-90.4956,76.0
76,11.46788990825688,0.0,-84.5876,77.0
77,11.627906976744185,0.0056,-80.3052,78.0
78,11.363636363636363,0.0,-79.8752,79.0
79,11.46788990825688,0.0156,-76.86,80.0
80,11.46788990825688,0.0052,-77.364,81.0
81,11.11111111111111,0.0,-77.4856,82.0
82,11.210762331838565,0.0056,-77.8864,83.0
83,11.26126126126126,0.0104,-75.3768,84.0
84,11.415525114155251,0.0216,-73.284,85.0
85,11.415525114155251,0.0292,-71.9628,86.0
86,11.904761904761905,0.0436,-68.9436,87.0
87,12.195121951219512,0.0324,-68.7868,88.0
88,12.077294685990339,0.0328,-67.9464,89.0
89,12.195121951219512,0.0184,-67.4976,90.0
90,11.904761904761905,0.0412,-67.3992,91.0
91,12.195121951219512,0.0568,-64.5936,92.0
92,12.254901960784315,0.0284,-66.2256,93.0
93,12.376237623762377,0.07,-62.7508,94.0
94,12.437810945273633,0.072,-67.0884,95.0
95,12.690355329949238,0.1028,-61.162,96.0
96,12.376237623762377,0.0904,-59.9688,97.0
97,12.755102040816327,0.086,-59.3348,98.0
98,12.690355329949238,0.106,-58.7216,99.0
99,13.020833333333334,0.102,-55.9672,100.0
100,13.227513227513228,0.1508,-52.1512,101.0
101,12.953367875647668,0.1336,-54.2088,102.0
102,13.227513227513228,0.132,-54.1932,103.0
103,13.513513513513514,0.1984,-51.6288,104.0
104,13.157894736842104,0.114,-55.9864,105.0
105,12.953367875647668,0.1804,-52.0332,106.0
106,12.953367875647668,0.2148,-49.6276,107.0
107,13.368983957219251,0.2316,-47.896,108.0
108,13.297872340425531,0.1688,-53.5556,109.0
109,13.812154696132596,0.1936,-51.1536,110.0
110,14.204545454545455,0.2176,-49.6484,111.0
111,14.619883040935672,0.2304,-50.916,112.0
112,14.792899408284024,0.2404,-47.0044,113.0
113,14.705882352941176,0.2988,-42.7556,114.0
114,15.151515151515152,0.344,-40.5504,115.0
115,15.060240963855422,0.3708,-37.2508,116.0
116,15.24390243902439,0.356,-35.3172,117.0
117,15.723270440251572,0.4516,-32.008,118.0
118,16.44736842105263,0.4276,-34.5588,119.0
119,16.233766233766232,0.3896,-34.9848,120.0
120,17.006802721088434,0.4624,-30.6596,121.0
121,17.985611510791365,0.464,-34.8164,122.0
122,18.796992481203006,0.4916,-32.6544,123.0
123,17.985611510791365,0.544,-27.6604,124.0
124,19.083969465648856,0.532,-25.6176,125.0
125,19.37984496124031,0.5516,-23.7956,126.0
126,19.37984496124031,0.638,-22.4532,127.0
127,20.161290322580644,0.622,-19.4724,128.0
128,20.32520325203252,0.5528,-27.176,129.0
129,19.37984496124031,0.5328,-30.1868,130.0
130,19.841269841269842,0.5168,-26.6968,131.0
131,19.53125,0.4836,-32.0264,132.0
132,19.68503937007874,0.53,-23.9888,133.0
133,19.68503937007874,0.6112,-18.866,134.0
134,20.32520325203252,0.596,-16.6544,135.0
135,19.841269841269842,0.5336,-23.234,136.0
136,20.0,0.59,-17.9628,137.0
137,20.66115702479339,0.6516,-16.2428,138.0
138,20.491803278688526,0.5852,-22.4672,139.0
139,22.52252252252252,0.6432,-16.3728,140.0
140,21.92982456140351,0.6136,-23.2408,141.0
141,24.271844660194176,0.6944,-10.2616,142.0
142,24.50980392156863,0.6608,-10.2292,143.0
143,21.551724137931036,0.616,-16.6672,144.0
144,22.52252252252252,0.7776,-8.7232,145.0
145,23.58490566037736,0.7176,-14.4512,146.0
146,24.50980392156863,0.6796,-8.764,147.0
147,24.271844660194176,0.7268,-11.1452,148.0
148,24.752475247524753,0.752,-4.0352,149.0
149,26.881720430107528,0.8156,-4.624,150.0
150,28.40909090909091,0.7584,-11.9316,151.0
151,31.25,0.8316,-0.9564,152.0
152,31.25,0.858,2.47,153.0
153,29.761904761904763,0.9108,-7.2892,154.0
154,30.864197530864196,0.8716,-8.3652,155.0
155,31.25,0.8668,-8.5412,156.0
156,31.25,0.8208,-2.6248,157.0
157,33.333333333333336,0.9036,4.5156,158.0
158,34.24657534246575,0.928,6.726,159.0
159,34.24657534246575,0.9196,1.8864,160.0
160,32.05128205128205,0.8444,-2.5108,161.0
161,35.2112676056338,0.89,12.898,162.0
162,37.3134328358209,0.9288,5.7184,163.0
163,38.46153846153846,0.906,9.2288,164.0
164,37.3134328358209,0.8404,10.2124,165.0
165,36.76470588235294,0.8728,4.032,166.0
166,37.878787878787875,0.8168,0.9016,167.0
167,39.682539682539684,0.9148,3.6116,168.0
168,39.0625,0.8912,11.922,169.0
169,40.32258064516129,0.9652,11.8756,170.0
170,41.666666666666664,0.91,10.2012,171.0
171,40.32258064516129,0.8804,2.6596,172.0
172,40.98360655737705,0.9688,4.846,173.0
173,42.3728813559322,0.8872,14.5524,174.0
174,40.32258064516129,0.9044,10.2136,175.0
175,42.3728813559322,0.936,12.944,176.0
176,42.3728813559322,0.9184,18.2536,177.0
177,41.666666666666664,0.9252,12.5512,178.0
178,41.666666666666664,0.9224,11.6708,179.0
179,43.85964912280702,0.9564,21.8868,180.0
180,42.3728813559322,0.956,16.958,181.0
181,45.45454545454545,0.9416,21.9724,182.0
182,43.10344827586207,0.954,18.0536,183.0
183,42.3728813559322,0.946,16.038,184.0
184,42.3728813559322,0.9332,24.4428,185.0
185,43.10344827586207,0.9636,14.898,186.0
186,43.85964912280702,0.9696,25.7888,187.0
187,41.666666666666664,0.94,17.618,188.0
188,43.85964912280702,0.9324,20.632,189.0
189,43.10344827586207,0.92,21.6124,190.0
190,43.10344827586207,0.8856,23.2248,191.0
191,41.666666666666664,0.9412,18.1756,192.0
192,43.10344827586207,0.9948,34.8928,193.0
193,43.10344827586207,0.992,34.1652,194.0
194,43.85964912280702,0.97,29.8532,195.0
195,45.45454545454545,0.9752,32.8636,196.0
196,43.10344827586207,0.9612,31.6068,197.0
197,43.85964912280702,0.9432,22.048,198.0
198,45.45454545454545,0.9876,37.896,199.0
199,46.2962962962963,0.9684,34.0468,200.0
200,44.642857142857146,0.9996,34.4012,201.0
201,45.45454545454545,0.9724,30.134,202.0
202,47.16981132075472,1.0,46.89,203.0
203,44.642857142857146,0.952,37.9156,204.0
204,44.642857142857146,0.9416,30.4184,205.0
205,46.2962962962963,1.0,41.9436,206.0
206,43.85964912280702,0.9352,32.8792,207.0
207,45.45454545454545,0.9628,36.972,208.0
208,45.45454545454545,0.9536,35.2672,209.0
209,45.45454545454545,0.9628,37.26,210.0
210,46.2962962962963,0.988,38.006,211.0
211,46.2962962962963,1.0,38.1604,212.0
212,45.45454545454545,0.9884,36.1276,213.0
213,46.2962962962963,0.9916,39.3172,214.0
214,46.2962962962963,0.9828,44.0372,215.0
215,46.2962962962963,0.9996,34.054,216.0
216,48.07692307692308,0.972,38.5944,217.0
217,48.07692307692308,0.9848,39.0528,218.0
218,46.2962962962963,0.984,36.9592,219.0
219,47.16981132075472,0.9868,38.0196,220.0
220,47.16981132075472,0.986,36.2796,221.0
221,47.16981132075472,0.9792,35.52,222.0
222,47.16981132075472,0.9864,40.0444,223.0
223,49.01960784313726,0.9896,49.1636,224.0
224,45.45454545454545,0.9848,36.9092,225.0
225,44.642857142857146,1.0,39.8672,226.0
226,47.16981132075472,0.9892,39.1792,227.0
227,47.16981132075472,0.9844,38.252,228.0
228,48.07692307692308,0.9852,46.806,229.0
229,45.45454545454545,0.9472,39.2284,230.0
230,46.2962962962963,0.99,35.3184,231.0
231,46.2962962962963,0.9788,39.7732,232.0
232,46.2962962962963,0.9528,35.7964,233.0
233,47.16981132075472,0.9724,41.8188,234.0
234,46.2962962962963,0.97,40.0924,235.0
235,50.0,0.9892,55.4724,236.0
236,46.2962962962963,1.0,40.4504,237.0
237,48.07692307692308,1.0,44.6092,238.0
238,47.16981132075472,0.9912,42.4912,239.0
239,50.0,1.0,49.9564,240.0
240,50.0,0.9676,53.9292,241.0
241,49.01960784313726,0.9736,49.6296,242.0
242,47.16981132075472,0.9552,39.624,243.0
243,48.07692307692308,1.0,45.1092,244.0
244,47.16981132075472,1.0,50.2312,245.0
245,48.07692307692308,0.9752,45.348,246.0
246,47.16981132075472,0.9736,45.4516,247.0
247,45.45454545454545,0.9848,48.3128,248.0
248,51.02040816326531,1.0,57.4684,249.0
249,51.02040816326531,1.0,50.516,250.0
250,46.2962962962963,0.9584,39.4656,251.0
251,48.07692307692308,0.9752,46.6828,252.0
252,50.0,0.98,53.2688,253.0
253,50.0,1.0,51.0032,254.0
254,49.01960784313726,0.994,51.8172,255.0
255,51.02040816326531,0.9716,58.724,256.0
256,47.16981132075472,0.9696,48.9648,257.0
257,50.0,0.9584,51.5208,258.0
258,48.07692307692308,0.9856,47.706,259.0
259,48.07692307692308,0.9996,54.1736,260.0
260,48.07692307692308,0.9648,47.0032,261.0
261,46.2962962962963,1.0,44.3444,262.0
262,46.2962962962963,0.9704,38.0224,263.0
263,50.0,0.9848,52.1796,264.0
264,50.0,1.0,56.7628,265.0
265,48.07692307692308,0.9912,42.8788,266.0
266,49.01960784313726,1.0,47.8432,267.0
267,50.0,0.9852,48.9988,268.0
268,49.01960784313726,0.9848,48.5148,269.0
269,51.02040816326531,0.9852,53.5688,270.0
270,51.02040816326531,0.9872,55.1564,271.0
271,49.01960784313726,0.9888,54.522,272.0
272,50.0,0.9596,53.0612,273.0
273,51.02040816326531,1.0,53.6876,274.0
274,52.083333333333336,0.9856,59.3592,275.0
275,50.0,0.99,52.1768,276.0
276,50.0,0.9856,48.4396,277.0
277,52.083333333333336,0.972,58.3368,278.0
278,50.0,0.9868,49.3952,279.0
279,50.0,0.9544,47.8088,280.0
280,51.02040816326531,1.0,54.208,281.0
281,49.01960784313726,1.0,48.5012,282.0
282,51.02040816326531,0.9996,61.3352,283.0
283,51.02040816326531,0.9792,54.9996,284.0
284,51.02040816326531,1.0,50.9544,285.0
285,52.083333333333336,1.0,62.6452,286.0
286,50.0,1.0,56.6136,287.0
287,52.083333333333336,1.0,62.5772,288.0
288,51.02040816326531,1.0,57.9456,289.0
289,50.0,0.9768,55.6228,290.0
290,50.0,1.0,55.5856,291.0
291,49.01960784313726,0.9852,48.8092,292.0
292,50.0,1.0,50.462,293.0
293,49.01960784313726,0.9592,48.606,294.0
294,52.083333333333336,1.0,63.422,295.0
295,51.02040816326531,0.9888,61.93,296.0
296,51.02040816326531,0.986,62.2744,297.0
297,53.191489361702125,0.9848,61.6712,298.0
298,50.0,0.9856,54.8588,299.0
299,52.083333333333336,0.9648,60.8488,300.0
300,51.02040816326531,0.9904,55.5836,301.0
301,51.02040816326531,0.9852,61.9188,302.0
302,50.0,0.9988,57.7916,303.0
303,52.083333333333336,0.9852,58.546,304.0
304,52.083333333333336,0.9968,64.434,305.0
305,52.083333333333336,1.0,63.1908,306.0
306,55.55555555555556,0.998,75.672,307.0
307,52.083333333333336,0.9872,60.3388,308.0
308,51.02040816326531,0.9856,57.3864,309.0
309,51.02040816326531,1.0,56.0148,310.0
310,50.0,0.9904,53.99,311.0
311,53.191489361702125,0.968,64.3472,312.0
312,54.34782608695652,1.0,66.638,313.0
313,52.083333333333336,0.9764,65.5012,314.0
314,51.02040816326531,1.0,59.4252,315.0
315,54.34782608695652,1.0,74.2316,316.0
316,51.02040816326531,0.9936,58.5388,317.0
317,49.01960784313726,0.9592,55.4656,318.0
318,54.34782608695652,0.9988,73.3868,319.0
319,51.02040816326531,0.9752,64.8656,320.0
320,50.0,0.96,60.3688,321.0
321,53.191489361702125,1.0,73.0076,322.0
322,56.81818181818182,1.0,77.4112,323.0
323,53.191489361702125,0.996,71.702,324.0
324,54.34782608695652,1.0,69.5784,325.0
325,53.191489361702125,0.9644,68.4644,326.0
326,53.191489361702125,1.0,65.4484,327.0
327,52.083333333333336,0.9992,67.936,328.0
328,54.34782608695652,1.0,72.69,329.0
329,53.191489361702125,1.0,66.492,330.0
330,54.34782608695652,1.0,72.342,331.0
331,53.191489361702125,1.0,69.9008,332.0
332,54.34782608695652,0.9824,71.0752,333.0
333,56.81818181818182,1.0,78.2016,334.0
334,54.34782608695652,0.9836,73.7208,335.0
335,55.55555555555556,1.0,78.5344,336.0
336,53.191489361702125,0.9852,69.9988,337.0
337,54.34782608695652,1.0,72.622,338.0
338,52.083333333333336,0.988,67.9684,339.0
339,53.191489361702125,1.0,69.3208,340.0
340,54.34782608695652,0.9904,76.6944,341.0
341,54.34782608695652,1.0,74.192,342.0
342,56.81818181818182,1.0,87.2944,343.0
343,55.55555555555556,1.0,76.7416,344.0
344,55.55555555555556,1.0,77.9632,345.0
345,54.34782608695652,1.0,76.1188,346.0
346,56.81818181818182,0.986,81.4756,347.0
347,53.191489361702125,0.998,74.0628,348.0
348,53.191489361702125,0.9988,70.0904,349.0
349,53.191489361702125,0.9988,68.9516,350.0
350,54.34782608695652,1.0,68.5992,351.0
351,53.191489361702125,0.9872,74.7484,352.0
352,54.34782608695652,1.0,69.058,353.0
353,55.55555555555556,1.0,75.7068,354.0
354,55.55555555555556,0.9888,78.1272,355.0
355,56.81818181818182,1.0,79.6168,356.0
356,53.191489361702125,0.9856,65.8816,357.0
357,56.81818181818182,1.0,85.5152,358.0
358,55.55555555555556,0.9828,78.8816,359.0
359,55.55555555555556,1.0,72.6292,360.0
360,56.81818181818182,0.984,82.5992,361.0
361,53.191489361702125,0.984,68.6608,362.0
362,54.34782608695652,0.988,75.2388,363.0
363,56.81818181818182,1.0,83.1724,364.0
364,54.34782608695652,0.9968,76.1356,365.0
365,56.81818181818182,1.0,78.8876,366.0
366,54.34782608695652,0.9844,71.5368,367.0
367,56.81818181818182,1.0,80.5472,368.0
368,54.34782608695652,1.0,74.4744,369.0
369,56.81818181818182,1.0,76.3808,370.0
370,58.13953488372093,1.0,87.6548,371.0
371,59.523809523809526,1.0,88.418,372.0
372,55.55555555555556,0.9876,73.7316,373.0
373,53.191489361702125,1.0,74.1364,374.0
374,54.34782608695652,0.9964,72.872,375.0
375,56.81818181818182,0.9752,77.5504,376.0
376,55.55555555555556,0.9748,73.8972,377.0
377,53.191489361702125,1.0,69.9792,378.0
378,53.191489361702125,0.986,71.3776,379.0
379,58.13953488372093,1.0,85.8604,380.0
380,55.55555555555556,0.97,76.712,381.0
381,54.34782608695652,0.9952,74.754,382.0
382,55.55555555555556,0.9848,80.7168,383.0
383,56.81818181818182,0.9908,83.3316,384.0
384,55.55555555555556,0.9864,74.9436,385.0
385,58.13953488372093,0.984,86.5128,386.0
386,54.34782608695652,0.9848,74.6732,387.0
387,54.34782608695652,1.0,73.5744,388.0
388,55.55555555555556,1.0,73.176,389.0
389,58.13953488372093,0.9676,86.7024,390.0
390,53.191489361702125,0.9996,69.9696,391.0
391,56.81818181818182,0.986,80.0368,392.0
392,53.191489361702125,0.986,69.3468,393.0
393,56.81818181818182,0.9888,83.9788,394.0
394,53.191489361702125,0.9564,73.6468,395.0
395,55.55555555555556,1.0,79.4288,396.0
396,56.81818181818182,0.9988,86.0288,397.0
397,58.13953488372093,1.0,86.3656,398.0
398,54.34782608695652,0.9864,75.2392,399.0
399,55.55555555555556,1.0,80.24,400.0
400,59.523809523809526,1.0,93.0152,401.0
401,58.13953488372093,1.0,92.6528,402.0
402,56.81818181818182,0.9748,82.7904,403.0
403,54.34782608695652,1.0,79.2468,404.0
404,58.13953488372093,0.9964,91.3764,405.0
405,56.81818181818182,0.998,88.0336,406.0
406,55.55555555555556,1.0,80.8084,407.0
407,58.13953488372093,1.0,84.176,408.0
408,55.55555555555556,1.0,84.7312,409.0
409,58.13953488372093,0.9872,86.64,410.0
410,54.34782608695652,0.988,76.7756,411.0
411,52.083333333333336,0.9988,70.778,412.0
412,54.34782608695652,0.9576,70.7884,413.0
413,54.34782608695652,0.984,77.6828,414.0
414,59.523809523809526,1.0,95.212,415.0
415,56.81818181818182,0.9884,85.66,416.0
416,59.523809523809526,0.986,89.3552,417.0
417,53.191489361702125,0.9924,74.152,418.0
418,56.81818181818182,0.984,86.012,419.0
419,56.81818181818182,1.0,79.8084,420.0
420,55.55555555555556,1.0,78.6008,421.0
421,56.81818181818182,0.9708,84.514,422.0
422,58.13953488372093,1.0,88.3152,423.0
423,56.81818181818182,0.9984,86.8464,424.0
424,58.13953488372093,0.9988,90.4844,425.0
425,56.81818181818182,1.0,83.518,426.0
426,59.523809523809526,0.9876,97.4592,427.0
427,59.523809523809526,1.0,89.6828,428.0
428,55.55555555555556,0.9676,78.7168,429.0
429,60.97560975609756,1.0,96.4592,430.0
430,56.81818181818182,1.0,86.9996,431.0
431,58.13953488372093,0.9864,86.4304,432.0
432,60.97560975609756,0.9988,101.7252,433.0
433,60.97560975609756,1.0,97.2944,434.0
434,58.13953488372093,1.0,90.2748,435.0
435,58.13953488372093,0.984,86.7752,436.0
436,56.81818181818182,0.9876,83.7548,437.0
437,56.81818181818182,1.0,87.9332,438.0
438,60.97560975609756,1.0,96.9272,439.0
439,58.13953488372093,1.0,92.1204,440.0
440,55.55555555555556,0.9896,75.3812,441.0
441,55.55555555555556,0.9848,82.2264,442.0
442,58.13953488372093,0.9716,88.264,443.0
443,56.81818181818182,1.0,87.1316,444.0
444,60.97560975609756,1.0,97.1216,445.0
445,54.34782608695652,0.9728,84.5204,446.0
446,56.81818181818182,0.9564,82.542,447.0
447,58.13953488372093,1.0,92.0596,448.0
448,60.97560975609756,1.0,93.1608,449.0
449,56.81818181818182,1.0,79.842,450.0
450,59.523809523809526,0.9976,102.9904,451.0
451,58.13953488372093,1.0,85.4248,452.0
452,59.523809523809526,1.0,96.2772,453.0
453,56.81818181818182,0.9852,84.708,454.0
454,59.523809523809526,0.9848,92.2748,455.0
455,58.13953488372093,1.0,85.348,456.0
456,56.81818181818182,0.9716,80.8888,457.0
457,56.81818181818182,0.9872,83.6536,458.0
458,58.13953488372093,0.9868,90.3408,459.0
459,58.13953488372093,0.994,91.1376,460.0
460,62.5,0.9868,101.5092,461.0
461,58.13953488372093,0.984,93.1004,462.0
462,58.13953488372093,1.0,86.91,463.0
463,56.81818181818182,0.9844,77.6556,464.0
464,58.13953488372093,0.9768,91.4392,465.0
465,58.13953488372093,0.9968,84.66,466.0
466,56.81818181818182,1.0,83.79,467.0
467,58.13953488372093,0.988,89.114,468.0
468,58.13953488372093,0.9852,87.0552,469.0
469,59.523809523809526,1.0,95.5276,470.0
470,54.34782608695652,0.99,78.6728,471.0
471,60.97560975609756,0.9844,101.9572,472.0
472,56.81818181818182,0.984,82.6188,473.0
473,59.523809523809526,0.9972,97.516,474.0
474,58.13953488372093,0.9628,89.5024,475.0
475,55.55555555555556,1.0,81.0176,476.0
476,59.523809523809526,0.99,94.4372,477.0
477,58.13953488372093,1.0,89.6724,478.0
478,60.97560975609756,0.9884,102.7116,479.0
479,59.523809523809526,1.0,93.6688,480.0
480,55.55555555555556,0.9864,82.092,481.0
481,59.523809523809526,0.9876,91.18,482.0
482,59.523809523809526,0.994,99.3804,483.0
483,59.523809523809526,1.0,96.5284,484.0
484,59.523809523809526,1.0,97.6696,485.0
485,55.55555555555556,0.9944,82.0172,486.0
486,58.13953488372093,0.984,86.3636,487.0
487,56.81818181818182,0.9768,83.2872,488.0
488,55.55555555555556,0.9872,81.5724,489.0
489,58.13953488372093,0.976,89.2308,490.0
490,58.13953488372093,0.9988,92.9216,491.0
491,54.34782608695652,0.9812,75.7628,492.0
492,58.13953488372093,1.0,87.5172,493.0
493,55.55555555555556,0.9876,76.3012,494.0
494,58.13953488372093,1.0,86.0548,495.0
495,56.81818181818182,0.9896,85.1788,496.0
496,59.523809523809526,0.9624,87.1228,497.0
497,59.523809523809526,1.0,89.9584,498.0
498,56.81818181818182,0.984,83.3952,499.0
499,64.1025641025641,1.0,100.412,500.0
500,55.55555555555556,0.9848,86.7396,501.0
501,59.523809523809526,1.0,94.1932,502.0
502,60.97560975609756,0.9956,98.7996,503.0
503,56.81818181818182,0.9728,80.7728,504.0
504,59.523809523809526,1.0,95.6168,505.0
505,59.523809523809526,1.0,85.9,506.0
506,58.13953488372093,0.9948,86.3408,507.0
507,59.523809523809526,0.9688,90.884,508.0
508,56.81818181818182,0.9856,89.7412,509.0
509,59.523809523809526,0.986,94.1404,510.0
510,56.81818181818182,1.0,85.0332,511.0
511,64.1025641025641,1.0,109.5268,512.0
512,56.81818181818182,1.0,86.1352,513.0
513,60.97560975609756,0.9728,91.5192,514.0
514,62.5,0.9884,105.5016,515.0
515,58.13953488372093,0.9948,87.4156,516.0
516,58.13953488372093,1.0,90.6828,517.0
517,60.97560975609756,0.9872,97.872,518.0
518,58.13953488372093,0.9716,86.6728,519.0
519,59.523809523809526,0.9992,95.8468,520.0
520,59.523809523809526,0.9744,86.762,521.0
521,64.1025641025641,0.9968,107.6488,522.0
522,59.523809523809526,0.9996,90.8536,523.0
523,62.5,1.0,101.4336,524.0
524,60.97560975609756,1.0,96.9796,525.0
525,56.81818181818182,0.9972,85.4804,526.0
526,58.13953488372093,1.0,89.8616,527.0
527,59.523809523809526,1.0,88.8684,528.0
528,59.523809523809526,0.97,90.0364,529.0
529,64.1025641025641,1.0,107.9028,530.0
530,56.81818181818182,1.0,79.5076,531.0
531,54.34782608695652,0.9852,80.9408,532.0
532,56.81818181818182,1.0,80.2212,533.0
533,55.55555555555556,1.0,82.7392,534.0
534,56.81818181818182,0.9864,79.2188,535.0
535,58.13953488372093,0.9708,84.998,536.0
536,60.97560975609756,1.0,98.9144,537.0
537,60.97560975609756,1.0,91.346,538.0
538,55.55555555555556,0.9944,74.9912,539.0
539,59.523809523809526,0.9716,92.306,540.0
540,56.81818181818182,0.9708,89.908,541.0
541,60.97560975609756,0.9848,95.1624,542.0
542,58.13953488372093,1.0,96.9212,543.0
543,60.97560975609756,1.0,96.0288,544.0
544,59.523809523809526,0.9848,91.2264,545.0
545,56.81818181818182,0.984,85.0044,546.0
546,62.5,1.0,102.7472,547.0
547,58.13953488372093,0.9728,90.9452,548.0
548,58.13953488372093,1.0,82.5872,549.0
549,56.81818181818182,1.0,86.5528,550.0
550,59.523809523809526,1.0,88.5312,551.0
551,58.13953488372093,0.9924,96.2876,552.0
552,59.523809523809526,1.0,94.596,553.0
553,59.523809523809526,1.0,94.8884,554.0
554,58.13953488372093,0.984,84.4964,555.0
555,58.13953488372093,0.984,87.8664,556.0
556,58.13953488372093,0.9868,90.2644,557.0
557,54.34782608695652,0.9572,74.264,558.0
558,60.97560975609756,1.0,99.3528,559.0
559,60.97560975609756,1.0,103.9112,560.0
560,60.97560975609756,1.0,97.7624,561.0
561,64.1025641025641,1.0,109.0304,562.0
562,59.523809523809526,0.9816,93.3456,563.0
563,60.97560975609756,0.9952,94.3576,564.0
564,60.97560975609756,0.9852,97.6352,565.0
565,54.34782608695652,0.9876,73.2136,566.0
566,59.523809523809526,0.9984,94.4416,567.0
567,56.81818181818182,0.9696,85.8044,568.0
568,59.523809523809526,0.9916,90.5304,569.0
569,58.13953488372093,1.0,91.456,570.0
570,59.523809523809526,1.0,94.0876,571.0
571,60.97560975609756,0.9716,94.4632,572.0
572,58.13953488372093,1.0,89.5104,573.0
573,58.13953488372093,0.9848,85.3,574.0
574,60.97560975609756,1.0,100.092,575.0
575,58.13953488372093,1.0,92.1244,576.0
576,62.5,0.9852,99.7284,577.0
577,55.55555555555556,0.9872,83.004,578.0
578,59.523809523809526,1.0,90.6404,579.0
579,59.523809523809526,1.0,93.0072,580.0
580,59.523809523809526,0.9992,95.0124,581.0
581,59.523809523809526,0.99,95.5628,582.0
582,59.523809523809526,0.9812,98.544,583.0
583,59.523809523809526,0.9896,93.9644,584.0
584,59.523809523809526,1.0,91.7528,585.0
585,55.55555555555556,0.9852,84.1432,586.0
586,58.13953488372093,0.9856,86.3452,587.0
587,62.5,1.0,102.6612,588.0
588,60.97560975609756,1.0,96.8836,589.0
589,58.13953488372093,0.982,90.3212,590.0
590,62.5,0.982,104.1652,591.0
591,59.523809523809526,0.9828,91.5404,592.0
592,59.523809523809526,1.0,92.14,593.0
593,59.523809523809526,0.9768,93.2988,594.0
594,56.81818181818182,1.0,91.5664,595.0
595,56.81818181818182,1.0,85.1216,596.0
596,60.97560975609756,1.0,94.9088,597.0
597,56.81818181818182,0.9736,84.5392,598.0
598,58.13953488372093,0.994,92.5116,599.0
599,58.13953488372093,0.986,87.6712,600.0
600,56.81818181818182,0.9852,83.9096,601.0
601,60.97560975609756,1.0,94.018,602.0
602,59.523809523809526,1.0,92.4872,603.0
603,60.97560975609756,0.998,101.1272,604.0
604,59.523809523809526,0.9952,97.3688,605.0
605,64.1025641025641,0.9868,105.33,606.0
606,58.13953488372093,1.0,92.65,607.0
607,59.523809523809526,1.0,95.08,608.0
608,59.523809523809526,0.9864,95.8228,609.0
609,62.5,1.0,102.772,610.0
610,56.81818181818182,1.0,82.7384,611.0
611,58.13953488372093,0.9852,91.5132,612.0
612,60.97560975609756,1.0,94.3588,613.0
613,59.523809523809526,0.9864,93.6284,614.0
614,58.13953488372093,0.9976,92.8208,615.0
615,58.13953488372093,0.9832,87.3028,616.0
616,59.523809523809526,0.9744,88.3704,617.0
617,56.81818181818182,0.9888,83.4884,618.0
618,59.523809523809526,1.0,95.454,619.0
619,60.97560975609756,1.0,95.776,620.0
620,62.5,1.0,99.2196,621.0
621,58.13953488372093,1.0,84.4568,622.0
622,58.13953488372093,0.9856,89.7652,623.0
623,60.97560975609756,0.9892,96.936,624.0
624,59.523809523809526,0.9984,95.0708,625.0
625,58.13953488372093,0.9888,88.5732,626.0
626,58.13953488372093,0.9912,90.5904,627.0
627,59.523809523809526,1.0,85.8436,628.0
628,59.523809523809526,1.0,90.8328,629.0
629,60.97560975609756,0.9828,99.196,630.0
630,59.523809523809526,1.0,95.808,631.0
631,59.523809523809526,0.9996,95.4244,632.0
632,56.81818181818182,0.9732,88.024,633.0
633,60.97560975609756,0.9936,92.526,634.0
634,58.13953488372093,0.9844,86.2708,635.0
635,56.81818181818182,0.9768,81.0356,636.0
636,60.97560975609756,0.9836,98.8176,637.0
637,58.13953488372093,0.974,89.0936,638.0
638,59.523809523809526,0.988,97.4236,639.0
639,62.5,0.9848,103.916,640.0
640,60.97560975609756,1.0,94.618,641.0
641,59.523809523809526,1.0,96.5268,642.0
642,58.13953488372093,0.9956,89.9608,643.0
643,60.97560975609756,1.0,97.5176,644.0
644,58.13953488372093,1.0,90.0976,645.0
645,60.97560975609756,1.0,97.9952,646.0
646,56.81818181818182,1.0,87.4936,647.0
647,62.5,1.0,103.526,648.0
648,60.97560975609756,0.9988,101.6648,649.0
649,60.97560975609756,1.0,97.558,650.0
650,58.13953488372093,0.9856,86.1568,651.0
651,62.5,0.986,102.6128,652.0
652,60.97560975609756,1.0,94.366,653.0
653,58.13953488372093,0.9856,93.6016,654.0
654,60.97560975609756,0.9872,101.0608,655.0
655,60.97560975609756,1.0,99.1856,656.0
656,59.523809523809526,1.0,89.4956,657.0
657,56.81818181818182,1.0,80.954,658.0
658,60.97560975609756,0.9712,103.2604,659.0
659,60.97560975609756,1.0,97.0752,660.0
660,62.5,1.0,102.422,661.0
661,60.97560975609756,1.0,95.4932,662.0
662,58.13953488372093,1.0,82.9152,663.0
663,60.97560975609756,1.0,98.8464,664.0
664,62.5,0.988,102.222,665.0
665,60.97560975609756,0.9844,94.692,666.0
666,58.13953488372093,0.9772,88.824,667.0
667,60.97560975609756,1.0,99.2512,668.0
668,56.81818181818182,1.0,88.3308,669.0
669,64.1025641025641,1.0,106.3892,670.0
670,60.97560975609756,0.9824,107.7928,671.0
671,58.13953488372093,1.0,86.8132,672.0
672,59.523809523809526,0.9856,92.8312,673.0
673,56.81818181818182,0.9892,88.5884,674.0
674,58.13953488372093,0.9904,91.4144,675.0
675,60.97560975609756,1.0,98.2452,676.0
676,60.97560975609756,1.0,96.9304,677.0
677,59.523809523809526,0.9988,91.3708,678.0
678,60.97560975609756,1.0,93.7964,679.0
679,56.81818181818182,1.0,84.3056,680.0
680,58.13953488372093,0.9844,90.4292,681.0
681,60.97560975609756,1.0,94.7404,682.0
682,56.81818181818182,0.9872,87.0372,683.0
683,60.97560975609756,0.9896,100.8332,684.0
684,59.523809523809526,0.986,93.6448,685.0
685,60.97560975609756,1.0,98.9044,686.0
686,64.1025641025641,1.0,102.6172,687.0
687,59.523809523809526,1.0,92.7908,688.0
688,58.13953488372093,0.968,88.47,689.0
689,60.97560975609756,1.0,98.028,690.0
690,60.97560975609756,0.9856,98.4924,691.0
691,62.5,1.0,104.198,692.0
692,59.523809523809526,1.0,92.7984,693.0
693,56.81818181818182,0.9584,89.2316,694.0
694,62.5,1.0,101.064,695.0
695,60.97560975609756,0.9844,93.3244,696.0
696,58.13953488372093,1.0,92.3368,697.0
697,59.523809523809526,0.9912,93.936,698.0
698,59.523809523809526,1.0,96.0588,699.0
699,60.97560975609756,0.978,97.024,700.0
700,59.523809523809526,0.9904,91.264,701.0
701,59.523809523809526,1.0,90.986,702.0
702,60.97560975609756,0.9848,95.166,703.0
703,56.81818181818182,0.9652,83.1048,704.0
704,62.5,0.992,104.4256,705.0
705,58.13953488372093,0.988,89.6752,706.0
706,56.81818181818182,0.988,85.656,707.0
707,60.97560975609756,0.9872,97.3724,708.0
708,59.523809523809526,0.9904,96.4664,709.0
709,60.97560975609756,0.9852,99.5668,710.0
710,60.97560975609756,0.9852,98.8668,711.0
711,59.523809523809526,0.9808,98.2756,712.0
712,62.5,1.0,98.5868,713.0
713,58.13953488372093,0.9804,88.8752,714.0
714,60.97560975609756,0.9752,98.4272,715.0
715,58.13953488372093,0.9852,90.5336,716.0
716,60.97560975609756,1.0,97.564,717.0
717,58.13953488372093,0.998,91.2504,718.0
718,58.13953488372093,1.0,90.1408,719.0
719,60.97560975609756,1.0,100.2876,720.0
720,59.523809523809526,1.0,92.5356,721.0
721,59.523809523809526,0.9944,95.1164,722.0
722,58.13953488372093,1.0,82.1864,723.0
723,56.81818181818182,1.0,79.0908,724.0
724,56.81818181818182,1.0,84.6984,725.0
725,58.13953488372093,1.0,87.4788,726.0
726,58.13953488372093,1.0,88.7008,727.0
727,59.523809523809526,0.9904,98.236,728.0
728,56.81818181818182,0.982,82.2752,729.0
729,60.97560975609756,0.9908,94.1844,730.0
730,59.523809523809526,1.0,95.4484,731.0
731,59.523809523809526,1.0,90.9076,732.0
732,60.97560975609756,0.9928,104.5968,733.0
733,56.81818181818182,1.0,88.928,734.0
734,58.13953488372093,0.9924,88.19,735.0
735,59.523809523809526,1.0,88.9092,736.0
736,59.523809523809526,1.0,89.52,737.0
737,60.97560975609756,1.0,98.3392,738.0
738,58.13953488372093,0.9984,92.7852,739.0
739,59.523809523809526,1.0,98.5224,740.0
740,59.523809523809526,0.9952,94.5348,741.0
741,59.523809523809526,0.9904,93.5852,742.0
742,59.523809523809526,0.9732,95.8676,743.0
743,62.5,1.0,99.97,744.0
744,60.97560975609756,1.0,96.896,745.0
745,60.97560975609756,1.0,97.7208,746.0
746,55.55555555555556,0.972,82.3484,747.0
747,59.523809523809526,1.0,94.4328,748.0
748,60.97560975609756,1.0,97.4768,749.0
749,58.13953488372093,1.0,88.724,750.0
750,59.523809523809526,1.0,97.0744,751.0
751,60.97560975609756,0.9864,94.5288,752.0
752,56.81818181818182,0.986,90.1696,753.0
753,59.523809523809526,0.9948,90.9976,754.0
754,62.5,0.9836,102.6868,755.0
755,60.97560975609756,0.996,97.8824,756.0
756,60.97560975609756,0.9832,99.3784,757.0
757,60.97560975609756,0.988,102.688,758.0
758,60.97560975609756,1.0,96.6052,759.0
759,55.55555555555556,1.0,82.2172,760.0
760,59.523809523809526,0.9884,96.8084,761.0
761,60.97560975609756,1.0,94.8832,762.0
762,59.523809523809526,0.9848,96.8396,763.0
763,60.97560975609756,0.9988,96.204,764.0
764,62.5,0.9696,96.976,765.0
765,60.97560975609756,1.0,100.0872,766.0
766,55.55555555555556,0.9912,78.1928,767.0
767,58.13953488372093,0.9812,90.3676,768.0
768,62.5,1.0,101.3464,769.0
769,59.523809523809526,0.9944,93.126,770.0
770,65.78947368421052,1.0,113.1764,771.0
771,60.97560975609756,0.9864,103.6308,772.0
772,64.1025641025641,0.9952,104.77,773.0
773,60.97560975609756,0.9984,98.2536,774.0
774,64.1025641025641,1.0,106.3624,775.0
775,62.5,1.0,105.8744,776.0
776,65.78947368421052,1.0,111.1928,777.0
777,60.97560975609756,1.0,100.0808,778.0
778,58.13953488372093,0.986,87.088,779.0
779,59.523809523809526,0.9948,85.5412,780.0
780,62.5,0.9924,104.9364,781.0
781,62.5,0.9896,105.8816,782.0
782,62.5,1.0,103.492,783.0
783,64.1025641025641,1.0,103.0392,784.0
784,60.97560975609756,1.0,98.5972,785.0
785,59.523809523809526,1.0,97.068,786.0
786,60.97560975609756,1.0,91.2744,787.0
787,60.97560975609756,1.0,103.0692,788.0
788,60.97560975609756,0.9856,96.952,789.0
789,59.523809523809526,1.0,88.6364,790.0
790,62.5,1.0,102.252,791.0
791,62.5,1.0,104.758,792.0
792,59.523809523809526,0.9984,95.054,793.0
793,59.523809523809526,1.0,86.364,794.0
794,65.78947368421052,1.0,108.08,795.0
795,60.97560975609756,0.9848,96.9472,796.0
796,60.97560975609756,1.0,97.9236,797.0
797,67.56756756756756,1.0,114.174,798.0
798,59.523809523809526,1.0,90.8176,799.0
799,59.523809523809526,1.0,91.5544,800.0
